
{
	"base": "base.ejs",
	"index": "index.ejs",
	"localCss": [
		"css/cayman-base.css",
		"css/cayman-extra.css",
		"css/prism-gh-colors.css",
		"css/type-navigation.css"
	],
	"localScripts": ["js/main.js"],
	"namespace": "namespace.ejs",
	"type": "type.ejs",
	"navigation": "navigation.ejs",
	"header": "header.ejs",
	"footer": "footer.ejs",
	"constructors": {
		"compact": "constructor-compact.ejs",
		"full": "constructor.ejs"
	},
	"fields": {
		"compact": "field-compact.ejs",
		"full": "field.ejs"
	},
	"properties": {
		"compact": "property-compact.ejs",
		"full": "property.ejs"
	},
	"events": {
		"compact": "event-compact.ejs",
		"full": "event.ejs"
	},
	"methods": {
		"compact": "method-compact.ejs",
		"full": "method.ejs"
	}
}
